,categories_hierarchy,mega_cat
0,'en:Fruit-jams',['FRUTAS' 'LIPIDOS']
1,'en:advent-calendars',[nan]
2,'en:agar-agar',[nan]
3,'en:agave-syrups',['LIPIDOS']
4,'en:aiolis',[nan]
5,'en:albacore',[nan]
6,'en:alexandrian-senna',[nan]
7,'en:almond-creme-filled-wafers',[nan]
8,'en:almond-meal',[nan]
9,'en:almond-milks',['LACTEOS']
10,'en:almond-paste',[nan]
11,'en:almond-turron',['LIPIDOS']
12,'en:almonds',['LEGUMBRES']
13,'en:anchovy',[nan]
14,'en:anchovy-fillets',['CARNE']
15,'en:anchovy-paste',[nan]
16,'en:animal-fats',[nan]
17,'en:anise',[nan]
18,'en:anticaking-agents',[nan]
19,'en:appetizers',[nan]
20,'en:apple-compotes',['FRUTAS']
21,'en:apple-juices',['FRUTAS']
22,'en:apple-pastes',['FRUTAS']
23,'en:apple-soft-drinks',['FRUTAS' 'BEBIDAS']
24,'en:apple-yogurts',['LACTEOS' 'FRUTAS']
25,'en:apricot-cereal-bars',['CEREALES']
26,'en:apricot-jams',['LIPIDOS']
27,'en:arame-seaweeds',[nan]
28,'en:arborio-rices',['CEREALES']
29,'en:aromatic-herbs',[nan]
30,'en:aromatic-plants',[nan]
31,'en:aromatic-rices',['CEREALES']
32,'en:artichoke-hearts',[nan]
33,'en:artichokes',['HORTALIZAS']
34,'en:artificial-sugar-substitutes',['LIPIDOS']
35,'en:artificially-sweetened-beverages',['LIPIDOS' 'BEBIDAS']
36,'en:artisan-products',[nan]
37,'en:asparagus',['HORTALIZAS']
38,'en:aspartame',[nan]
39,'en:baby-foods',[nan]
40,'en:baby-fruit-desserts',['FRUTAS']
41,'en:baby-milks',['LACTEOS']
42,'en:bacon',[nan]
43,'en:baguettes',[nan]
44,'en:baker-s-yeast',[nan]
45,'en:bakery-products',['CEREALES']
46,'en:balsamic-vinegars',[nan]
47,'en:balsamic-vinegars-of-modena',[nan]
48,'en:banana-nectars',['FRUTAS']
49,'en:banderillas',[nan]
50,'en:barbecue-sauces',[nan]
51,'en:bars',[nan]
52,'en:basil',[nan]
53,'en:basmati-rices',['CEREALES']
54,'en:bay-laurel',[nan]
55,'en:bechamel-sauces',['CARNE']
56,'en:bee-products',['LIPIDOS']
57,'en:beet',['LIPIDOS']
58,'en:berries',['FRUTAS']
59,'en:berry-jams',['LIPIDOS']
60,'en:beverages',['BEBIDAS']
61,'en:bicarbonates-of-soda',[nan]
62,'en:bifidus-yogurts',['LACTEOS']
63,'en:bilberries-jams',['LIPIDOS' 'FRUTAS']
64,'en:biscuits',['CEREALES']
65,'en:biscuits-and-cakes',['CEREALES']
66,'en:biscuits-for-babies',['CEREALES']
67,'en:black-beans',['LEGUMBRES']
68,'en:black-chopped-olives',['HORTALIZAS']
69,'en:black-olives',['HORTALIZAS']
70,'en:black-peppercorns',['CEREALES']
71,'en:black-peppers',['LEGUMBRES']
72,'en:black-pitted-olives',['HORTALIZAS']
73,'en:black-pudding',[nan]
74,'en:black-teas',['BEBIDAS']
75,'en:blackberry-yogurts',['LACTEOS']
76,'en:blanched-roasted-hazelnuts',['LEGUMBRES']
77,'en:blonde-lentils',['LEGUMBRES']
78,'en:blue-veined-cheeses',['LACTEOS']
79,'en:blueberries',['FRUTAS']
80,'en:blueberry-juices',[nan]
81,'en:blueberry-yogurts',['LACTEOS']
82,'en:bodybuilding-supplements',[nan]
83,'en:bolognese-lasagne',[nan]
84,'en:bolognese-sauces',[nan]
85,'en:bomba-rices',['CEREALES']
86,'en:bonbons',[nan]
87,'en:bouillon-cubes',[nan]
88,'en:bran',[nan]
89,'en:brava-sauce',[nan]
90,'en:brazil-nuts',['LEGUMBRES']
91,'en:bread-crumbs',[nan]
92,'en:bread-flours',[nan]
93,'en:breaded-products',[nan]
94,'en:breads',['CEREALES']
95,'en:breadsticks',['CEREALES']
96,'en:breakfast-cereals',['CEREALES']
97,'en:breakfasts',[nan]
98,'en:brioches',[nan]
99,'en:broccoli',['HORTALIZAS']
100,'en:broths',[nan]
101,'en:brown-breads',['CEREALES']
102,'en:brown-lentils',['LEGUMBRES']
103,'en:brown-rices',['CEREALES']
104,'en:brussels-sprouts',[nan]
105,'en:buffalo-mozzarella',[nan]
106,'en:buffalo-s-milk-cheese',['LACTEOS']
107,'en:burrata',[nan]
108,'en:butter-beans',['LEGUMBRES']
109,'en:butters',['LIPIDOS']
110,'en:caesar-salads',['HORTALIZAS']
111,'en:cakes',['CEREALES']
112,'en:calamari',[nan]
113,'en:candies',[nan]
114,'en:canned-artichokes',['HORTALIZAS']
115,'en:canned-asparagus',['HORTALIZAS']
116,'en:canned-beet',['LIPIDOS']
117,'en:canned-bloody-milk-cap',['LACTEOS']
118,'en:canned-carrots',['HORTALIZAS']
119,'en:canned-cereals',['CEREALES']
120,'en:canned-champignon-mushrooms',['HORTALIZAS' 'CARNE']
121,'en:canned-chickpeas',['LEGUMBRES']
122,'en:canned-common-beans',['LEGUMBRES']
123,'en:canned-corn',['CEREALES']
124,'en:canned-fishes',['PESCADO']
125,'en:canned-foods',[nan]
126,'en:canned-fruits',['FRUTAS']
127,'en:canned-fruits-in-juice',['FRUTAS']
128,'en:canned-green-beans',['LEGUMBRES']
129,'en:canned-legume-sprouts',[nan]
130,'en:canned-legumes',['HORTALIZAS']
131,'en:canned-lentils',['LEGUMBRES']
132,'en:canned-meals',[nan]
133,'en:canned-mixed-mushrooms',['HORTALIZAS']
134,'en:canned-mung-bean-sprouts',[nan]
135,'en:canned-mushrooms',['HORTALIZAS']
136,'en:canned-mussels',[nan]
137,'en:canned-peas',[nan]
138,'en:canned-peppers',['LEGUMBRES']
139,'en:canned-pineapples',['FRUTAS']
140,'en:canned-plant-based-foods',[nan]
141,'en:canned-potatoes',[nan]
142,'en:canned-red-kidney-beans',['LEGUMBRES']
143,'en:canned-red-peppers',['LEGUMBRES']
144,'en:canned-salmons',[nan]
145,'en:canned-sardines',['PESCADO']
146,'en:canned-scarlet-runner-beans',['LEGUMBRES']
147,'en:canned-sliced-champignon-mushrooms',['HORTALIZAS' 'CARNE']
148,'en:canned-sprouts',[nan]
149,'en:canned-sweet-corn',['CEREALES' 'LIPIDOS']
150,'en:canned-tomatoes',['HORTALIZAS']
151,'en:canned-tunas',['PESCADO']
152,'en:canned-vegetables',['HORTALIZAS']
153,'en:canned-white-asparagus',['HORTALIZAS']
154,'en:canned-white-common-beans',['LEGUMBRES']
155,'en:canned-whole-champignon-mushrooms',['HORTALIZAS' 'CARNE']
156,'en:cannelloni',[nan]
157,'en:caramel-chocolate-bars',['LIPIDOS']
158,'en:caramel-chocolate-cookie-bars',['LIPIDOS']
159,'en:caramelized-almonds',['LEGUMBRES']
160,'en:caramels',[nan]
161,'en:carbonated-drinks',['BEBIDAS']
162,'en:carrot-cakes',['CEREALES']
163,'en:carrots',['HORTALIZAS']
164,'en:cashew-nuts',['LEGUMBRES']
165,'en:cassava-crisps',['CEREALES']
166,'en:cauliflowers',[nan]
167,'en:cayenne-peppers',['LEGUMBRES']
168,'en:cereal-bars',['CEREALES']
169,'en:cereal-brans',['CEREALES']
170,'en:cereal-flakes',['CEREALES']
171,'en:cereal-flakes-with-chocolate',['CEREALES' 'LIPIDOS']
172,'en:cereal-flakes-with-fruits',['FRUTAS' 'CEREALES']
173,'en:cereal-flours',['CEREALES']
174,'en:cereal-grains',['CEREALES']
175,'en:cereal-milks',['LACTEOS' 'CEREALES']
176,'en:cereal-semolinas',['CEREALES']
177,'en:cereal-starches',['CEREALES']
178,'en:cereals-and-potatoes',['CEREALES']
179,'en:cereals-and-their-products',['CEREALES']
180,'en:cereals-with-fruits',['FRUTAS' 'CEREALES']
181,'en:chai-teas',['BEBIDAS']
182,'en:chamomile',['CARNE']
183,'en:champignon-mushrooms',['HORTALIZAS' 'CARNE']
184,'en:chards',[nan]
185,'en:cheddar-cheese',['LACTEOS']
186,'en:cheese-pizzas',['LACTEOS']
187,'en:cheese-sauces',['LACTEOS']
188,'en:cheese-spreads',['LACTEOS']
189,'en:cheesecakes',['LACTEOS' 'CEREALES']
190,'en:cheeses',['LACTEOS']
191,'en:cheeses-from-england',['LACTEOS']
192,'en:cheeses-from-the-united-kingdom',['LACTEOS']
193,'en:cherries-in-syrup',['FRUTAS']
194,'en:chewing-gum',[nan]
195,'en:chia',[nan]
196,'en:chicken-ham',['CARNE']
197,'en:chicken-nuggets',['CARNE']
198,'en:chicken-preparations',['CARNE']
199,'en:chicken-rillettes',['CARNE']
200,'en:chicken-wings',['CARNE']
201,'en:chickens',['CARNE']
202,'en:chickpeas',['LEGUMBRES']
203,'en:chickpeas-flours',['LEGUMBRES']
204,'en:chili-peppers',['LEGUMBRES']
205,'en:chinese-green-teas',['BEBIDAS']
206,'en:chinese-noodles',[nan]
207,'en:chips-and-fries',[nan]
208,'en:chocolate-bars',['LIPIDOS']
209,'en:chocolate-biscuits',['CEREALES' 'LIPIDOS']
210,'en:chocolate-cakes',['CEREALES' 'LIPIDOS']
211,'en:chocolate-candies',['LIPIDOS']
212,'en:chocolate-cereal-bars',['CEREALES' 'LIPIDOS']
213,'en:chocolate-cereals',['CEREALES' 'LIPIDOS']
214,'en:chocolate-chip-cookies',['LIPIDOS']
215,'en:chocolate-chunks-yogurts',['LACTEOS' 'LIPIDOS']
216,'en:chocolate-covered-almonds',['LIPIDOS' 'LEGUMBRES']
217,'en:chocolate-covered-cherries',['LIPIDOS' 'FRUTAS']
218,'en:chocolate-covered-fruits',['FRUTAS' 'LIPIDOS']
219,'en:chocolate-covered-nuts',['LEGUMBRES' 'LIPIDOS']
220,'en:chocolate-covered-peanuts',['LEGUMBRES' 'LIPIDOS']
221,'en:chocolate-croissant',['LIPIDOS']
222,'en:chocolate-desserts',['LIPIDOS']
223,'en:chocolate-ice-cream-bars',['LACTEOS' 'LIPIDOS']
224,'en:chocolate-milks',['LACTEOS' 'LIPIDOS']
225,'en:chocolate-powders',['LIPIDOS']
226,'en:chocolate-sandwich-cookies',['LIPIDOS']
227,'en:chocolate-soy-desserts',['LIPIDOS']
228,'en:chocolate-soy-milks',['LACTEOS' 'LIPIDOS']
229,'en:chocolate-spreads',['LIPIDOS']
230,'en:chocolate-stuffed-wafers',['LIPIDOS']
231,'en:chocolate-truffles',['LIPIDOS']
232,'en:chocolate-turron',['LIPIDOS']
233,'en:chocolate-turron-with-almonds',['LIPIDOS' 'LEGUMBRES']
234,'en:chocolate-turron-with-puffed-rice',['CEREALES' 'LIPIDOS']
235,'en:chocolates',['LIPIDOS']
236,'en:chocolates-with-almonds',['LIPIDOS' 'LEGUMBRES']
237,'en:chocolates-with-hazelnuts',['LEGUMBRES' 'LIPIDOS']
238,'en:chocolates-with-sweeteners',['LIPIDOS']
239,'en:chopped-olives',['HORTALIZAS']
240,'en:chorizo',[nan]
241,'en:christmas-chocolates',['LIPIDOS']
242,'en:christmas-foods-and-drinks',['BEBIDAS']
243,'en:christmas-sweets',['LIPIDOS']
244,'en:churros',[nan]
245,'en:cider-vinegars',[nan]
246,'en:cinnamon',[nan]
247,'en:cinnamon-powder',[nan]
248,'en:cinnamon-sticks',[nan]
249,'en:citrus',[nan]
250,'en:citrus-jams',['LIPIDOS']
251,'en:cloves',[nan]
252,'en:cocoa-and-chocolate-powders',['LIPIDOS']
253,'en:cocoa-and-hazelnuts-spreads',['LEGUMBRES']
254,'en:cocoa-powders',[nan]
255,'en:coconut-ice-cream-tubs',['LACTEOS']
256,'en:coconut-oils',['LIPIDOS']
257,'en:coconut-turron',['LIPIDOS']
258,'en:coconut-waters',[nan]
259,'en:coconut-yogurts',['LACTEOS']
260,'en:cods',[nan]
261,'en:coffee-capsules',['BEBIDAS']
262,'en:coffee-drinks',['BEBIDAS']
263,'en:coffee-soy-milks',['LACTEOS' 'BEBIDAS']
264,'en:coffees',['BEBIDAS']
265,'en:colas',[nan]
266,'en:cold-soups',['HORTALIZAS']
267,'en:common-beans',['LEGUMBRES']
268,'en:compotes',[nan]
269,'en:compotes-to-drink',['BEBIDAS']
270,'en:concentrated-apple-juices',['FRUTAS']
271,'en:concentrated-fruit-juices',['FRUTAS']
272,'en:concentrated-grapefruit-juices',['FRUTAS']
273,'en:concentrated-multifruit-juices',['FRUTAS']
274,'en:concentrated-pear-juices',[nan]
275,'en:condiments',[nan]
276,'en:confectioneries',[nan]
277,'en:cooked-chicken',['CARNE']
278,'en:cooked-poultries',[nan]
279,'en:cooked-pressed-cheeses',['LACTEOS']
280,'en:cooking-helpers',[nan]
281,'en:corn',['CEREALES']
282,'en:corn-chips',['CEREALES']
283,'en:corn-flakes',['CEREALES']
284,'en:corn-salad',['CEREALES' 'HORTALIZAS']
285,'en:corn-starch',['CEREALES']
286,'en:cornmeal',['CEREALES']
287,'en:cow-cheeses',['LACTEOS']
288,'en:cow-milk-yogurt',['LACTEOS']
289,'en:cow-milks',['LACTEOS']
290,'en:cracked-marinated-green-olives',['HORTALIZAS']
291,'en:cracked-olives',['HORTALIZAS']
292,'en:crackers',[nan]
293,'en:cranberries',['FRUTAS']
294,'en:cream-cheeses',['LACTEOS']
295,'en:cream-of-asparagus-soups',['LACTEOS' 'HORTALIZAS']
296,'en:cream-of-pumpkin-soups',['LACTEOS' 'HORTALIZAS']
297,'en:cream-of-vegetable-soups',['LACTEOS' 'HORTALIZAS']
298,'en:cream-of-zucchini-soups',['LACTEOS' 'HORTALIZAS']
299,'en:cream-sauce-with-mushrooms',['LACTEOS' 'HORTALIZAS']
300,'en:cream-soups',['LACTEOS' 'HORTALIZAS']
301,'en:creams',['LACTEOS']
302,'en:creamy-almond-turron',['LACTEOS' 'LIPIDOS']
303,'en:creamy-peanut-turron',['LACTEOS' 'LIPIDOS']
304,'en:crema-catalana',[nan]
305,'en:crepes',[nan]
306,'en:crepes-and-galettes',[nan]
307,'en:crispbreads',['CEREALES']
308,'en:crisps',['CEREALES']
309,'en:croissants',[nan]
310,'en:croutons',[nan]
311,'en:crunchy-almond-turron',['LIPIDOS']
312,'en:crunchy-peanut-turron',['LIPIDOS']
313,'en:crustaceans',[nan]
314,'en:culinary-plants',[nan]
315,'en:cumin',[nan]
316,'en:cured-ham',['CARNE']
317,'en:cured-sausages',['CARNE']
318,'en:curry-powder',[nan]
319,'en:dairies',['LACTEOS']
320,'en:dairy-chocolate-desserts',['LIPIDOS' 'LACTEOS']
321,'en:dairy-desserts',['LACTEOS']
322,'en:dairy-drinks',['LACTEOS' 'BEBIDAS']
323,'en:dairy-spread',['LACTEOS']
324,'en:danish-cheeses',['LACTEOS']
325,'en:dark-chocolate-biscuits',['CEREALES' 'LIPIDOS']
326,'en:dark-chocolates',['LIPIDOS']
327,'en:dark-chocolates-with-almonds',['LIPIDOS' 'LEGUMBRES']
328,'en:dark-chocolates-with-cocoa-nibs',['LIPIDOS']
329,'en:dark-chocolates-with-hazelnuts',['LEGUMBRES' 'LIPIDOS']
330,'en:dark-chocolates-with-orange',['FRUTAS' 'LIPIDOS']
331,'en:dark-chocolates-with-sweeteners',['LIPIDOS']
332,'en:dates',[nan]
333,'en:decaffeinated-coffees',['BEBIDAS']
334,'en:decaffeinated-instant-coffees',['BEBIDAS']
335,'en:decaffeinated-teas',['BEBIDAS']
336,'en:decorticated-blonde-lentils',['LEGUMBRES']
337,'en:decorticated-lentils',['LEGUMBRES']
338,'en:dehydrated-broths',[nan]
339,'en:dehydrated-soups',['HORTALIZAS']
340,'en:dehydrated-vegetable-bouillons',['HORTALIZAS']
341,'en:dehydrated-vegetable-soups',['HORTALIZAS']
342,'en:dessert-creams',['LACTEOS']
343,'en:dessert-mixes',[nan]
344,'en:desserts',[nan]
345,'en:diet-beverages',['BEBIDAS']
346,'en:diet-cola-soft-drink',['BEBIDAS']
347,'en:diet-sodas',[nan]
348,'en:dietary-supplements',[nan]
349,'en:digestives-covered-with-chocolate',['LIPIDOS']
350,'en:dijon-mustards',[nan]
351,'en:dill',[nan]
352,'en:dips',[nan]
353,'en:dragees',[nan]
354,'en:dried-apples',['LEGUMBRES' 'FRUTAS']
355,'en:dried-apricots',['LEGUMBRES']
356,'en:dried-arame-seaweed',['LEGUMBRES']
357,'en:dried-aromatic-plants',['LEGUMBRES']
358,'en:dried-bay-laurel',['LEGUMBRES']
359,'en:dried-coconut',['LEGUMBRES']
360,'en:dried-coconut-flour',['LEGUMBRES']
361,'en:dried-cranberries',['LEGUMBRES' 'FRUTAS']
362,'en:dried-fig-cakes',['LEGUMBRES' 'CEREALES']
363,'en:dried-figs',['LEGUMBRES']
364,'en:dried-fruits',['LEGUMBRES' 'FRUTAS']
365,'en:dried-hams',['LEGUMBRES' 'CARNE']
366,'en:dried-mangoes',['LEGUMBRES']
367,'en:dried-meals',['LEGUMBRES']
368,'en:dried-mixed-fruits',['LEGUMBRES' 'FRUTAS']
369,'en:dried-pineapple',['LEGUMBRES' 'FRUTAS']
370,'en:dried-plant-based-foods',['LEGUMBRES']
371,'en:dried-products',['LEGUMBRES']
372,'en:dried-products-to-be-rehydrated',['LEGUMBRES']
373,'en:dried-prunes',['LEGUMBRES']
374,'en:dried-seaweeds',['LEGUMBRES']
375,'en:dried-vegetables',['LEGUMBRES' 'HORTALIZAS']
376,'en:drinkable-yogurts',['LACTEOS' 'BEBIDAS']
377,'en:drop-cookies',[nan]
378,'en:dry-biscuits',['CEREALES']
379,'en:dry-pasta',['CEREALES']
380,'en:duck-dishes',[nan]
381,'en:duck-pates',['CEREALES']
382,'en:ducks',[nan]
383,'en:durum-wheat-macaroni',['CARNE' 'CEREALES']
384,'en:durum-wheat-noodles',['CARNE' 'CEREALES']
385,'en:durum-wheat-pasta',['CARNE' 'CEREALES']
386,'en:durum-wheat-pasta-with-egg',['CARNE' 'CEREALES']
387,'en:durum-wheat-penne',['CARNE' 'CEREALES']
388,'en:durum-wheat-plates-for-cannelloni',['CARNE' 'CEREALES']
389,'en:durum-wheat-semolinas',['CARNE' 'CEREALES']
390,'en:durum-wheat-spaghetti',['CARNE' 'CEREALES']
391,'en:easter-eggs',['CARNE']
392,'en:easter-food',[nan]
393,'en:eastern-tabbouleh',[nan]
394,'en:egg-free-mayonnaises',['CARNE']
395,'en:egg-noodles',['CARNE']
396,'en:egg-spaghetti',['CARNE']
397,'en:egg-tagliatelle',['CARNE']
398,'en:eggs',['CARNE']
399,'en:emmentaler',[nan]
400,'en:endives',[nan]
401,'en:energy-drinks',['BEBIDAS']
402,'en:eucalyptus-honeys',['LIPIDOS']
403,'en:evaporated-milks',['LACTEOS']
404,'en:extra-fine-dark-chocolates',['LIPIDOS']
405,'en:extra-virgin-olive-oils',['LIPIDOS']
406,'en:extruded-flakes',[nan]
407,'en:fajitas',[nan]
408,'en:falafels',[nan]
409,'en:farming-products',[nan]
410,'en:fats',[nan]
411,'en:fennel',[nan]
412,'en:fermented-drinks',['BEBIDAS']
413,'en:fermented-foods',[nan]
414,'en:fermented-milk-drinks',['LACTEOS' 'BEBIDAS']
415,'en:fermented-milk-products',['LACTEOS']
416,'en:feta',[nan]
417,'en:field-horsetail',[nan]
418,'en:filled-biscuits',['CEREALES']
419,'en:filled-cereals',['CEREALES']
420,'en:filled-chocolates',['LIPIDOS']
421,'en:filled-dark-chocolates',['LIPIDOS']
422,'en:fine-mustards',[nan]
423,'en:fish-and-meat-and-eggs',['CARNE' 'PESCADO']
424,'en:fish-eggs',['PESCADO' 'CARNE']
425,'en:fish-fillets',['PESCADO' 'CARNE']
426,'en:fish-preparations',['PESCADO']
427,'en:fishes',['PESCADO']
428,'en:flakes',[nan]
429,'en:flaky-biscuits',['CEREALES']
430,'en:flans',[nan]
431,'en:flatbreads',['CEREALES']
432,'en:flavored-teas',['BEBIDAS']
433,'en:flavors',[nan]
434,'en:flavoured-milks',['LACTEOS']
435,'en:flavoured-potato-crisps',['CEREALES']
436,'en:flavoured-syrups',['LIPIDOS']
437,'en:flavoured-yogurts',['LACTEOS']
438,'en:flax-seeds',['LEGUMBRES']
439,'en:flours',[nan]
440,'en:flower-honeys',['LIPIDOS']
441,'en:foies-gras',[nan]
442,'en:foies-gras-from-ducks',[nan]
443,'en:food-additives',[nan]
444,'en:food-colorings',[nan]
445,'en:food-decorations',[nan]
446,'en:four-cheese-pizza',['LACTEOS']
447,'en:frankfurter-sausages',['CARNE']
448,'en:french-blue-veined-cheeses',['LACTEOS']
449,'en:french-sausages',['CARNE']
450,'en:fresh-broad-green-beans',['LEGUMBRES']
451,'en:fresh-broccoli',['HORTALIZAS']
452,'en:fresh-cheeses',['LACTEOS']
453,'en:fresh-flat-green-beans',['LEGUMBRES']
454,'en:fresh-foods',[nan]
455,'en:fresh-green-beans',['LEGUMBRES']
456,'en:fresh-legumes',['HORTALIZAS']
457,'en:fresh-meat-preparations',['CARNE']
458,'en:fresh-meats',['CARNE']
459,'en:fresh-milks',['LACTEOS']
460,'en:fresh-plant-based-foods',[nan]
461,'en:fresh-spinachs',['HORTALIZAS']
462,'en:fresh-stevia',[nan]
463,'en:fresh-vegetable-mixes',['HORTALIZAS']
464,'en:fresh-vegetables',['HORTALIZAS']
465,'en:fried-foods',[nan]
466,'en:fried-onions',['HORTALIZAS']
467,'en:fried-plant-based-foods',[nan]
468,'en:fried-tomato-sauces',['HORTALIZAS']
469,'en:frozen-aromatic-plants',[nan]
470,'en:frozen-artichoke-hearts',[nan]
471,'en:frozen-artichokes',['HORTALIZAS']
472,'en:frozen-asparagus',['HORTALIZAS']
473,'en:frozen-baby-artichokes',['HORTALIZAS']
474,'en:frozen-baby-carrots',['HORTALIZAS']
475,'en:frozen-berries',['FRUTAS']
476,'en:frozen-blueberries',['FRUTAS']
477,'en:frozen-broccoli-florets',['HORTALIZAS']
478,'en:frozen-brussels-sprouts',[nan]
479,'en:frozen-cardoons',[nan]
480,'en:frozen-carrots',['HORTALIZAS']
481,'en:frozen-cauliflower-florets',[nan]
482,'en:frozen-cereals',['CEREALES']
483,'en:frozen-chard-leaves',[nan]
484,'en:frozen-chards',[nan]
485,'en:frozen-chickpeas',['LEGUMBRES']
486,'en:frozen-chopped-artichokes',['HORTALIZAS']
487,'en:frozen-chopped-carrots',['HORTALIZAS']
488,'en:frozen-chopped-garlic',[nan]
489,'en:frozen-chopped-green-asparagus',['HORTALIZAS']
490,'en:frozen-chopped-green-beans',['LEGUMBRES']
491,'en:frozen-chopped-onions',['HORTALIZAS']
492,'en:frozen-chopped-spinachs',['HORTALIZAS']
493,'en:frozen-corn',['CEREALES']
494,'en:frozen-corn-kernels',['CEREALES']
495,'en:frozen-desserts',[nan]
496,'en:frozen-diced-zucchinis',[nan]
497,'en:frozen-fishes',['PESCADO']
498,'en:frozen-foods',[nan]
499,'en:frozen-fresh-broad-beans',['LEGUMBRES']
500,'en:frozen-fried-potatoes',[nan]
501,'en:frozen-fruits',['FRUTAS']
502,'en:frozen-green-asparagus',['HORTALIZAS']
503,'en:frozen-green-beans',['LEGUMBRES']
504,'en:frozen-green-garlic',[nan]
505,'en:frozen-green-peas',[nan]
506,'en:frozen-horchatas-de-chufa',[nan]
507,'en:frozen-legumes',['HORTALIZAS']
508,'en:frozen-lima-beans',['LEGUMBRES']
509,'en:frozen-meat-preparations',['CARNE']
510,'en:frozen-meats',['CARNE']
511,'en:frozen-mixed-berries',['FRUTAS']
512,'en:frozen-mixed-fruits',['FRUTAS']
513,'en:frozen-mixed-mushrooms',['HORTALIZAS']
514,'en:frozen-mixed-peppers',['LEGUMBRES']
515,'en:frozen-mushrooms',['HORTALIZAS']
516,'en:frozen-parsley',[nan]
517,'en:frozen-peppers',['LEGUMBRES']
518,'en:frozen-pineapples',['FRUTAS']
519,'en:frozen-pizzas',[nan]
520,'en:frozen-pizzas-and-pies',[nan]
521,'en:frozen-plant-based-foods',[nan]
522,'en:frozen-plant-based-foods-mixes',[nan]
523,'en:frozen-potatoes',[nan]
524,'en:frozen-pre-cooked-rice',['CEREALES']
525,'en:frozen-ready-made-meals',[nan]
526,'en:frozen-salads',['HORTALIZAS']
527,'en:frozen-seafood',[nan]
528,'en:frozen-spinachs',['HORTALIZAS']
529,'en:frozen-strawberries',['FRUTAS']
530,'en:frozen-tropical-fruits',['FRUTAS']
531,'en:frozen-vegetable-mixes',['HORTALIZAS']
532,'en:frozen-vegetables',['HORTALIZAS']
533,'en:frozen-vegetables-for-paella',['HORTALIZAS']
534,'en:frozen-zucchini',[nan]
535,'en:fructose',[nan]
536,'en:fruit-and-fruit-seed-oils',['FRUTAS' 'LIPIDOS']
537,'en:fruit-and-milk-beverages',['LACTEOS' 'FRUTAS' 'BEBIDAS']
538,'en:fruit-and-soy-beverages',['FRUTAS' 'BEBIDAS']
539,'en:fruit-and-vegetable-preserves',['HORTALIZAS' 'FRUTAS']
540,'en:fruit-based-beverages',['FRUTAS' 'BEBIDAS']
541,'en:fruit-jams',['FRUTAS' 'LIPIDOS']
542,'en:fruit-juices',['FRUTAS']
543,'en:fruit-nectars',['FRUTAS']
544,'en:fruit-pastes',['FRUTAS']
545,'en:fruit-salads',['FRUTAS' 'HORTALIZAS']
546,'en:fruit-salads-in-syrup',['FRUTAS' 'HORTALIZAS']
547,'en:fruit-sodas',['FRUTAS']
548,'en:fruit-soy-yogurts',['LACTEOS' 'FRUTAS']
549,'en:fruit-teas',['FRUTAS' 'BEBIDAS']
550,'en:fruit-turron',['FRUTAS' 'LIPIDOS']
551,'en:fruit-yogurts',['LACTEOS' 'FRUTAS']
552,'en:fruit-yogurts-with-fruit-chunks',['LACTEOS' 'FRUTAS']
553,'en:fruits',['FRUTAS']
554,'en:fruits-and-vegetables-based-foods',['HORTALIZAS' 'FRUTAS']
555,'en:fruits-based-foods',['FRUTAS']
556,'en:fruits-cereal-bars',['FRUTAS' 'CEREALES']
557,'en:fruits-in-syrup',['FRUTAS']
558,'en:fusilli',[nan]
559,'en:garlic',[nan]
560,'en:garlic-and-their-products',[nan]
561,'en:garlic-powder',[nan]
562,'en:gazpacha-marinated-green-olives',['HORTALIZAS']
563,'en:gazpacho',[nan]
564,'en:gelatin',[nan]
565,'en:gelified-candies',[nan]
566,'en:german-chamomile',['CARNE']
567,'en:german-sausages',['CARNE']
568,'en:gherkins',[nan]
569,'en:ginger',[nan]
570,'en:ginger-powder',[nan]
571,'en:glazes-with-vinegar',[nan]
572,'en:gluten-free-biscuits',['CEREALES']
573,'en:gluten-free-breads',['CEREALES']
574,'en:gluten-free-sliced-breads',['CEREALES']
575,'en:goat-cheeses',['LACTEOS']
576,'en:goat-milks',['LACTEOS']
577,'en:gofio',[nan]
578,'en:gold-flax-seeds',['LEGUMBRES']
579,'en:gorgonzolas',[nan]
580,'en:grana-padano',[nan]
581,'en:granizados',[nan]
582,'en:granulated-sugars',['LIPIDOS']
583,'en:grapefruit-juices',['FRUTAS']
584,'en:grated-carrots',['HORTALIZAS']
585,'en:grated-cheese',['LACTEOS']
586,'en:grated-emmentaler',[nan]
587,'en:greek-cheeses',['LACTEOS']
588,'en:greek-yogurts',['LACTEOS']
589,'en:green-beans',['LEGUMBRES']
590,'en:green-cracked-olives',['HORTALIZAS']
591,'en:green-olives',['HORTALIZAS']
592,'en:green-olives-stuffed-of-anchovies',['HORTALIZAS']
593,'en:green-olives-stuffed-of-lemon',['HORTALIZAS' 'FRUTAS']
594,'en:green-olives-stuffed-of-peppers',['LEGUMBRES' 'HORTALIZAS']
595,'en:green-peas',[nan]
596,'en:green-peppercorns',['CEREALES']
597,'en:green-peppers',['LEGUMBRES']
598,'en:green-pestos',[nan]
599,'en:green-pitted-olives',['HORTALIZAS']
600,'en:green-stuffed-olives',['HORTALIZAS']
601,'en:green-teas',['BEBIDAS']
602,'en:groceries',[nan]
603,'en:ground-black-peppers',['LEGUMBRES']
604,'en:ground-coffees',['BEBIDAS']
605,'en:ground-cumin-seeds',['LEGUMBRES']
606,'en:ground-dried-aromatic-plants',['LEGUMBRES']
607,'en:ground-dried-basil',['LEGUMBRES']
608,'en:ground-dried-dill',['LEGUMBRES']
609,'en:ground-dried-mint',['LEGUMBRES' 'HORTALIZAS']
610,'en:ground-dried-oregano',['LEGUMBRES']
611,'en:ground-dried-parsley',['LEGUMBRES']
612,'en:ground-dried-rosemary',['LEGUMBRES']
613,'en:ground-dried-spearmint',['LEGUMBRES' 'HORTALIZAS']
614,'en:ground-dried-thyme',['LEGUMBRES']
615,'en:ground-dried-vegetables',['LEGUMBRES' 'HORTALIZAS']
616,'en:ground-nutmeg',[nan]
617,'en:ground-peppers',['LEGUMBRES']
618,'en:ground-white-peppers',['LEGUMBRES']
619,'en:guacamoles',[nan]
620,'en:ham-pizzas',['CARNE']
621,'en:ham-sandwiches',['CARNE']
622,'en:hamburger-buns',['CARNE']
623,'en:hamburgers',['CARNE']
624,'en:hams',['CARNE']
625,'en:handmade-breadsticks',['CEREALES']
626,'en:havarti',[nan]
627,'en:hazelnut-spreads',[nan]
628,'en:hazelnuts',['LEGUMBRES']
629,'en:hearts-of-palm',[nan]
630,'en:herbal-fruit-teas-in-tea-bags',['FRUTAS' 'BEBIDAS']
631,'en:herbal-tea-blends',['BEBIDAS']
632,'en:herbal-teas',['BEBIDAS']
633,'en:herbal-teas-in-tea-bags',['BEBIDAS']
634,'en:herbes-de-provence',[nan]
635,'en:himalaya-salts',[nan]
636,'en:homogenized-milks',['LACTEOS']
637,'en:honey-mustards',[nan]
638,'en:honeys',['LIPIDOS']
639,'en:horchatas-de-chufa',[nan]
640,'en:hot-beverages',['BEBIDAS']
641,'en:hot-dog-buns',[nan]
642,'en:hot-sauces',[nan]
643,'en:hummus',[nan]
644,'en:ice-cream-bars',['LACTEOS']
645,'en:ice-cream-cones',['LACTEOS']
646,'en:ice-cream-sandwiches',['LACTEOS']
647,'en:ice-cream-tubs',['LACTEOS']
648,'en:ice-creams',['LACTEOS']
649,'en:ice-creams-and-sorbets',['LACTEOS']
650,'en:ice-pops',[nan]
651,'en:iced-teas',['BEBIDAS']
652,'en:indica-rices',['CEREALES']
653,'en:industrial-cheese',['LACTEOS']
654,'en:instant-beverages',['BEBIDAS']
655,'en:instant-coffees',['BEBIDAS']
656,'en:instant-noodle-soups',['HORTALIZAS']
657,'en:instant-noodles',[nan]
658,'en:instant-pasta',['CEREALES']
659,'en:italian-cheeses',['LACTEOS']
660,'en:jams',['LIPIDOS']
661,'en:japonica-rices',['CEREALES']
662,'en:jasmine-rice',['CEREALES']
663,'en:jelly-desserts',[nan]
664,'en:juices-and-nectars',['FRUTAS']
665,'en:kabuli-chickpeas',['LEGUMBRES']
666,'en:kefir',[nan]
667,'en:ketchup',[nan]
668,'en:kiwi-yogurts',['LACTEOS']
669,'en:kombuchas',[nan]
670,'en:lactose-free-cheeses',['LACTEOS']
671,'en:lactose-free-creams',['LACTEOS']
672,'en:lactose-free-milk',['LACTEOS']
673,'en:lactose-free-yogurts',['LACTEOS']
674,'en:lamb-meat',['CARNE']
675,'en:leaf-salads',['HORTALIZAS']
676,'en:leaf-vegetables',['HORTALIZAS']
677,'en:lechoso-chickpeas',['LEGUMBRES']
678,'en:legume-butters',['LIPIDOS']
679,'en:legume-flours',[nan]
680,'en:legume-milks',['LACTEOS']
681,'en:legume-pickles',[nan]
682,'en:legume-seeds',['LEGUMBRES']
683,'en:legumes',['HORTALIZAS']
684,'en:legumes-and-their-products',['HORTALIZAS']
685,'en:lemon-juice',['FRUTAS']
686,'en:lemon-soft-drinks',['FRUTAS' 'BEBIDAS']
687,'en:lemon-sorbets',['FRUTAS']
688,'en:lemon-teas',['FRUTAS' 'BEBIDAS']
689,'en:lentil-salads',['HORTALIZAS']
690,'en:lentils',['LEGUMBRES']
691,'en:lettuces',['HORTALIZAS']
692,'en:light-fruit-sodas',['FRUTAS']
693,'en:light-iced-teas',['BEBIDAS']
694,'en:light-lemon-soft-drinks',['FRUTAS' 'BEBIDAS']
695,'en:light-margarines',[nan]
696,'en:light-mayonnaises',[nan]
697,'en:limeflower-tea',['BEBIDAS']
698,'en:liquid-broths',[nan]
699,'en:liquid-caramel',[nan]
700,'en:liquid-cream',['LACTEOS']
701,'en:liquor-filled-chocolate-covered-cherries',['LIPIDOS' 'FRUTAS']
702,'en:liquorice',['CEREALES']
703,'en:lollipops',[nan]
704,'en:long-grain-rices',['CEREALES']
705,'en:low-fat-yogurts',['LACTEOS']
706,'en:low-sugar-fruit-jam',['FRUTAS' 'LIPIDOS']
707,'en:lupin-beans',['LEGUMBRES']
708,'en:macadamia-nuts',['LEGUMBRES']
709,'en:macarons',[nan]
710,'en:mackerels',[nan]
711,'en:madeleines',[nan]
712,'en:manchego',[nan]
713,'en:mandarin-oranges',['FRUTAS']
714,'en:mango-juices',[nan]
715,'en:mango-sorbets',[nan]
716,'en:mango-yogurts',['LACTEOS']
717,'en:mangoes',[nan]
718,'en:margarines',[nan]
719,'en:marinated-anchovy-fillets',['CARNE']
720,'en:marinated-anchovy-fillets-with-vegetable-oil',['HORTALIZAS' 'CARNE' 'LIPIDOS']
721,'en:marinated-olives',['HORTALIZAS']
722,'en:marmalades',[nan]
723,'en:marsh-mallow',[nan]
724,'en:marzipan',[nan]
725,'en:marzipan-figures',[nan]
726,'en:marzipan-of-soto',[nan]
727,'en:mascarpone',[nan]
728,'en:mayonnaises',[nan]
729,'en:meals',[nan]
730,'en:meals-with-chicken',['CARNE']
731,'en:meals-with-fish',['PESCADO']
732,'en:meals-with-meat',['CARNE']
733,'en:meat-analogues',['CARNE']
734,'en:meat-based-pasta-sauces',['CARNE' 'CEREALES']
735,'en:meat-based-products',['CARNE']
736,'en:meat-based-sauces',['CARNE']
737,'en:meat-preparations',['CARNE']
738,'en:meats',['CARNE']
739,'en:melted-cheese',['LACTEOS']
740,'en:microwave-meals',[nan]
741,'en:milk-bread-rolls',['LACTEOS']
742,'en:milk-chocolate-biscuits',['LACTEOS' 'CEREALES' 'LIPIDOS']
743,'en:milk-chocolate-with-almonds',['LACTEOS' 'LIPIDOS' 'LEGUMBRES']
744,'en:milk-chocolate-with-hazelnuts',['LACTEOS' 'LEGUMBRES' 'LIPIDOS']
745,'en:milk-chocolates',['LACTEOS' 'LIPIDOS']
746,'en:milk-chocolates-with-sweeteners',['LACTEOS' 'LIPIDOS']
747,'en:milk-substitute',['LACTEOS']
748,'en:milkfat',['LACTEOS']
749,'en:milks',['LACTEOS']
750,'en:mint',['HORTALIZAS']
751,'en:mint-teas',['HORTALIZAS' 'BEBIDAS']
752,'en:miso-soup',[nan]
753,'en:mixed-cereal-flakes',['CEREALES']
754,'en:mixed-fruit-soy-yogurts',['LACTEOS' 'FRUTAS']
755,'en:mixed-plant-milks',['LACTEOS']
756,'en:mixed-rices',['CEREALES']
757,'en:mixed-vegetable-oils',['HORTALIZAS' 'LIPIDOS']
758,'en:mixed-vegetable-pickles',['HORTALIZAS']
759,'en:mixes-for-dessert-creams',['LACTEOS']
760,'en:mixes-for-jelly-desserts',[nan]
761,'en:mixtures-of-aromatic-plants',[nan]
762,'en:mixtures-of-herbs-and-spices',[nan]
763,'en:mochi-ice-cream',['LACTEOS']
764,'en:mollusc',[nan]
765,'en:mortadella',[nan]
766,'en:mozzarella',[nan]
767,'en:mueslis',[nan]
768,'en:mueslis-with-chocolate',['LIPIDOS']
769,'en:mueslis-with-fruits',['FRUTAS']
770,'en:mueslis-with-nuts',['LEGUMBRES']
771,'en:multifruit-juices',['FRUTAS']
772,'en:multifruit-nectars',['FRUTAS']
773,'en:mung-beans',['LEGUMBRES']
774,'en:mushrooms',['HORTALIZAS']
775,'en:mushrooms-and-their-products',['HORTALIZAS']
776,'en:mussels',[nan]
777,'en:mussels-with-escabeche',[nan]
778,'en:mustards',[nan]
779,'en:natural-sugar-substitutes',['LIPIDOS']
780,'en:neapolitan-sauces',[nan]
781,'en:nespresso-compatible-coffee-capsules',['BEBIDAS']
782,'en:non-alcoholic-beverages',['ALCOHOL' 'BEBIDAS']
783,'en:non-dairy-desserts',['LACTEOS']
784,'en:non-dairy-fermented-foods',['LACTEOS']
785,'en:non-dairy-yogurts',['LACTEOS']
786,'en:noodles',[nan]
787,'en:nougats',[nan]
788,'en:nut-bars',[nan]
789,'en:nut-butters',['LIPIDOS']
790,'en:nut-confectioneries',[nan]
791,'en:nut-flours',[nan]
792,'en:nut-milks',['LACTEOS']
793,'en:nutmeg',[nan]
794,'en:nutmeg-tree-products',[nan]
795,'en:nuts',['LEGUMBRES']
796,'en:nuts-and-their-products',['LEGUMBRES']
797,'en:oat-brans',[nan]
798,'en:oat-flours',[nan]
799,'en:oat-milks',['LACTEOS']
800,'en:offals',[nan]
801,'en:oilseed-purees',['LIPIDOS']
802,'en:old-style-mustards',[nan]
803,'en:olive-oils',['LIPIDOS']
804,'en:olive-tree-products',[nan]
805,'en:olives',['HORTALIZAS']
806,'en:onion-powder',[nan]
807,'en:onions',['HORTALIZAS']
808,'en:onions-and-their-products',['HORTALIZAS']
809,'en:orange-jams',['FRUTAS' 'LIPIDOS']
810,'en:orange-juices',['FRUTAS']
811,'en:orange-soft-drinks',['FRUTAS' 'BEBIDAS']
812,'en:oranges',['FRUTAS']
813,'en:oregano',[nan]
814,'en:palmiers',[nan]
815,'en:pan-de-cadiz',[nan]
816,'en:panettone',[nan]
817,'en:panna-cottas',[nan]
818,'en:paprika',[nan]
819,'en:parboiled-rices',['CEREALES' 'LIPIDOS']
820,'en:parsley',[nan]
821,'en:pasta-dishes',['CEREALES']
822,'en:pasta-salads',['CEREALES' 'HORTALIZAS']
823,'en:pasta-sauces',['CEREALES']
824,'en:pastas',['CEREALES']
825,'en:pasteurized-cheeses',['LACTEOS']
826,'en:pastries',[nan]
827,'en:pate',[nan]
828,'en:peach-jams',['LIPIDOS']
829,'en:peach-juices',[nan]
830,'en:peach-nectars',['FRUTAS']
831,'en:peach-yogurts',['LACTEOS']
832,'en:peaches-in-syrup',['FRUTAS']
833,'en:peanut-bars',[nan]
834,'en:peanut-butters',['LIPIDOS']
835,'en:peanuts',['LEGUMBRES']
836,'en:peanuts-turron',['LEGUMBRES' 'LIPIDOS']
837,'en:pear-juices',[nan]
838,'en:pear-yogurts',['LACTEOS']
839,'en:pears-in-syrup',[nan]
840,'en:pecan-nuts',['LEGUMBRES']
841,'en:peeled-tomatoes',['HORTALIZAS']
842,'en:penne',[nan]
843,'en:penne-rigate',[nan]
844,'en:pennyroyal',[nan]
845,'en:peppercorns',['CEREALES']
846,'en:peppers',['LEGUMBRES']
847,'en:pestos',[nan]
848,'en:pickled-beets',['LIPIDOS']
849,'en:pickled-caper-berries',['FRUTAS']
850,'en:pickled-capers',[nan]
851,'en:pickled-carrots',['HORTALIZAS']
852,'en:pickled-cucumbers',[nan]
853,'en:pickled-garlic',[nan]
854,'en:pickled-green-peppercorns',['CEREALES']
855,'en:pickled-guindilla-peppers',['LEGUMBRES']
856,'en:pickled-lupin-beans',['LEGUMBRES']
857,'en:pickled-onions',['HORTALIZAS']
858,'en:pickled-peppers',['LEGUMBRES']
859,'en:pickles',[nan]
860,'en:pie-dough',[nan]
861,'en:pies',[nan]
862,'en:pine-nuts',['LEGUMBRES']
863,'en:pineapple',['FRUTAS']
864,'en:pineapple-in-juice',['FRUTAS']
865,'en:pineapple-juices',['FRUTAS']
866,'en:pineapple-nectars',['FRUTAS']
867,'en:pineapple-yogurts',['LACTEOS' 'FRUTAS']
868,'en:pinto-beans',['LEGUMBRES']
869,'en:pistachios',[nan]
870,'en:pitted-dates',[nan]
871,'en:pitted-marinated-green-olives',['HORTALIZAS']
872,'en:pitted-olives',['HORTALIZAS']
873,'en:pizza-dough',[nan]
874,'en:pizza-with-ham-and-cheese',['LACTEOS' 'CARNE']
875,'en:pizzas',[nan]
876,'en:pizzas-pies-and-quiches',[nan]
877,'en:plain-bifidus-yogurts',['LACTEOS']
878,'en:plain-soy-yogurts',['LACTEOS']
879,'en:plain-yogurts',['LACTEOS']
880,'en:plant-based-beverages',['BEBIDAS']
881,'en:plant-based-creams',['LACTEOS']
882,'en:plant-based-creams-for-cooking',['LACTEOS']
883,'en:plant-based-foods',[nan]
884,'en:plant-based-foods-and-beverages',['BEBIDAS']
885,'en:plant-based-ice-cream-bars',['LACTEOS']
886,'en:plant-based-ice-cream-tubs',['LACTEOS']
887,'en:plant-based-ice-creams',['LACTEOS']
888,'en:plant-based-meals',[nan]
889,'en:plant-based-mixed-pickles',[nan]
890,'en:plant-based-pates',['CEREALES']
891,'en:plant-based-pickles',[nan]
892,'en:plant-based-spreads',[nan]
893,'en:plant-milks',['LACTEOS']
894,'en:plum-jams',['LIPIDOS']
895,'en:pollens',[nan]
896,'en:popcorn',['CEREALES' 'LEGUMBRES']
897,'en:pork',['CARNE']
898,'en:pork-liver-pates',['CARNE' 'CEREALES']
899,'en:pork-meals',['CARNE']
900,'en:pork-pates',['CARNE' 'CEREALES']
901,'en:pork-ribs',['CARNE']
902,'en:potato-crisps',['CEREALES']
903,'en:potato-crisps-in-olive-oil',['CEREALES' 'LIPIDOS']
904,'en:potato-crisps-in-sunflower-oil',['CEREALES' 'LIPIDOS' 'LEGUMBRES']
905,'en:potatoes',[nan]
906,'en:potted-meats',['CARNE']
907,'en:poultries',[nan]
908,'en:poultry-broth',[nan]
909,'en:poultry-meals',[nan]
910,'en:poultry-nuggets',[nan]
911,'en:poultry-rillettes',[nan]
912,'en:poultry-sausages',['CARNE']
913,'en:pound-cake',[nan]
914,'en:powdered-cappucino',[nan]
915,'en:powdered-saffron',[nan]
916,'en:powdered-sugars',['LIPIDOS']
917,'en:prawns',[nan]
918,'en:pre-baked-breads',['CEREALES']
919,'en:precooked-rices',['CEREALES']
920,'en:prepared-lasagne',[nan]
921,'en:prepared-meats',['CARNE']
922,'en:prepared-salads',['HORTALIZAS']
923,'en:prepared-vegetables',['HORTALIZAS']
924,'en:products-without-gluten',[nan]
925,'en:protein-shakes',[nan]
926,'en:puddings',[nan]
927,'en:puffed-cereal-cakes',['CEREALES']
928,'en:puffed-cereals',['CEREALES']
929,'en:puffed-corn-cakes',['CEREALES']
930,'en:puffed-corn-cakes-with-black-chocolate',['CEREALES' 'LIPIDOS']
931,'en:puffed-grains',[nan]
932,'en:puffed-legumes',['HORTALIZAS']
933,'en:puffed-multigrain-cakes',['CEREALES']
934,'en:puffed-rice-cakes',['CEREALES']
935,'en:puffed-rice-cakes-with-black-chocolate',['CEREALES' 'LIPIDOS']
936,'en:puffed-rice-cakes-with-milk-chocolate',['LACTEOS' 'CEREALES' 'LIPIDOS']
937,'en:puffed-rice-cakes-with-white-chocolate',['CEREALES' 'LIPIDOS']
938,'en:puffed-soybeans',['LEGUMBRES']
939,'en:puffed-wheat-cakes',['CEREALES']
940,'en:puffed-wholegrain-rice-cakes',['CEREALES']
941,'en:pulses',[nan]
942,'en:pumpkin-and-squash-plant-products',['HORTALIZAS']
943,'en:pumpkin-seeds',['LEGUMBRES' 'HORTALIZAS']
944,'en:pumpkin-seeds-and-their-products',['LEGUMBRES' 'HORTALIZAS']
945,'en:quark',[nan]
946,'en:quince-cheeses',['LACTEOS']
947,'en:quinces',[nan]
948,'en:quinoa',[nan]
949,'en:raisins',[nan]
950,'en:ras-el-hanout',[nan]
951,'en:raspberry-sorbets',[nan]
952,'en:raspberry-yogurts',['LACTEOS']
953,'en:ravioli',[nan]
954,'en:red-beans',['LEGUMBRES']
955,'en:red-pestos',[nan]
956,'en:refined-olive-oils',['LIPIDOS']
957,'en:refrigerated-foods',[nan]
958,'en:refrigerated-meals',[nan]
959,'en:refrigerated-soups',['HORTALIZAS']
960,'en:refrigerated-squeezed-juices',[nan]
961,'en:refrigerated-squeezed-multifruit-juices',['FRUTAS']
962,'en:refrigerated-squeezed-pineapple-juices',['FRUTAS']
963,'en:refrigerated-squeezed-tangerine-juices',[nan]
964,'en:refrigerated-vegetable-soups',['HORTALIZAS']
965,'en:rice-dishes',['CEREALES']
966,'en:rice-flours',['CEREALES']
967,'en:rice-milks',['LACTEOS' 'CEREALES']
968,'en:rice-puddings',['CEREALES']
969,'en:rices',['CEREALES']
970,'en:rices-for-paella',['CEREALES']
971,'en:rices-for-risotto',['CEREALES']
972,'en:ricotta',[nan]
973,'en:rillettes',[nan]
974,'en:risottos',[nan]
975,'en:roasted-hazelnuts',['LEGUMBRES']
976,'en:roasted-nuts',['LEGUMBRES']
977,'en:roasted-pistachios',[nan]
978,'en:roasted-pumpkin-seeds',['LEGUMBRES' 'HORTALIZAS']
979,'en:roasted-shelled-pumpkin-seeds',['LEGUMBRES' 'HORTALIZAS']
980,'en:roasted-sunflower-seeds',['LEGUMBRES']
981,'en:roasted-unshelled-pumpkin-seeds',['LEGUMBRES' 'HORTALIZAS']
982,'en:roasted-unshelled-sunflower-seeds',['LEGUMBRES']
983,'en:rooibos',[nan]
984,'en:roquefort-cheeses',['LACTEOS']
985,'en:roquefort-sauces',[nan]
986,'en:rosemary',[nan]
987,'en:rosemary-honeys',['LIPIDOS']
988,'en:rye-breads',['CEREALES']
989,'en:rye-flours',[nan]
990,'en:saccharin',[nan]
991,'en:saffron',[nan]
992,'en:saffron-threads',[nan]
993,'en:sage',[nan]
994,'en:salad-dressings',['HORTALIZAS']
995,'en:salad-rocket',['HORTALIZAS']
996,'en:salads',['HORTALIZAS']
997,'en:salami',[nan]
998,'en:salmon-fillets',['CARNE']
999,'en:salmons',[nan]
1000,'en:salmorejo',[nan]
1001,'en:salted-butters',['LIPIDOS']
1002,'en:salted-margarines',[nan]
1003,'en:salted-popcorn',['CEREALES' 'LEGUMBRES']
1004,'en:salted-spreads',[nan]
1005,'en:salts',[nan]
1006,'en:salty-snacks',[nan]
1007,'en:sandwiches',[nan]
1008,'en:sandwiches-filled-with-cold-cuts',[nan]
1009,'en:sardines',['PESCADO']
1010,'en:sardines-in-oil',['PESCADO' 'LIPIDOS']
1011,'en:sardines-in-olive-oil',['PESCADO' 'LIPIDOS']
1012,'en:sardines-in-sunflower-oil',['PESCADO' 'LIPIDOS' 'LEGUMBRES']
1013,'en:sardines-in-tomato-sauce',['HORTALIZAS' 'PESCADO']
1014,'en:sauces',[nan]
1015,'en:sausages',['CARNE']
1016,'en:sausages-from-spain',['CARNE']
1017,'en:sauteed-black-pudding',[nan]
1018,'en:savory-semolina-dishes',[nan]
1019,'en:scarlet-runner-beans',['LEGUMBRES']
1020,'en:sea-salts',[nan]
1021,'en:seafood',[nan]
1022,'en:seasonings',[nan]
1023,'en:seaweed-products',[nan]
1024,'en:seaweeds-and-their-products',[nan]
1025,'en:seeds',['LEGUMBRES']
1026,'en:seitan',[nan]
1027,'en:semi-skimmed-milks',['LACTEOS']
1028,'en:serrano-ham',['CARNE']
1029,'en:sesame',[nan]
1030,'en:sheep-milks',['LACTEOS' 'CARNE']
1031,'en:sheep-s-milk-cheeses',['LACTEOS' 'CARNE']
1032,'en:shelled-almonds',['LEGUMBRES']
1033,'en:shelled-brazil-nuts',['LEGUMBRES']
1034,'en:shelled-hazelnuts',['LEGUMBRES']
1035,'en:shelled-nuts',['LEGUMBRES']
1036,'en:shelled-pecan-nuts',['LEGUMBRES']
1037,'en:shelled-pine-nuts',['LEGUMBRES']
1038,'en:shelled-pistachios',[nan]
1039,'en:shelled-pumpkin-seeds',['LEGUMBRES' 'HORTALIZAS']
1040,'en:shelled-sunflower-seeds',['LEGUMBRES']
1041,'en:shelled-walnuts',['LEGUMBRES']
1042,'en:short-grain-rices',['CEREALES']
1043,'en:shortbread-cookies',[nan]
1044,'en:shrimps',['PESCADO']
1045,'en:simple-syrups',['LIPIDOS']
1046,'en:skimmed-milks',['LACTEOS']
1047,'en:sliced-breads',['CEREALES']
1048,'en:sliced-breads-with-cereals',['CEREALES']
1049,'en:sliced-champignon-mushrooms',['HORTALIZAS' 'CARNE']
1050,'en:sliced-cheeses',['LACTEOS']
1051,'en:smoked-fishes',['PESCADO']
1052,'en:smoked-salmons',[nan]
1053,'en:smoothies',[nan]
1054,'en:snacks',[nan]
1055,'en:snacks-and-desserts-for-babies',[nan]
1056,'en:soba',[nan]
1057,'en:sodas',[nan]
1058,'en:sodium-cyclamate',[nan]
1059,'en:sorbets',[nan]
1060,'en:soups',['HORTALIZAS']
1061,'en:soy-based-creams-for-cooking',['LACTEOS']
1062,'en:soy-desserts',[nan]
1063,'en:soy-milk-yogurts',['LACTEOS']
1064,'en:soy-milks',['LACTEOS']
1065,'en:soy-sauces',[nan]
1066,'en:spaghetti',[nan]
1067,'en:spanish-bakery-products',['CEREALES']
1068,'en:spanish-cheeses',['LACTEOS']
1069,'en:spanish-meat-products',['CARNE']
1070,'en:spanish-omelettes',[nan]
1071,'en:spearmint',['HORTALIZAS']
1072,'en:special-breads',['CEREALES']
1073,'en:spelt-flakes',[nan]
1074,'en:spelt-milks',['LACTEOS']
1075,'en:spice-mix',[nan]
1076,'en:spices',[nan]
1077,'en:spinachs',['HORTALIZAS']
1078,'en:spreadable-fats',[nan]
1079,'en:spreads',[nan]
1080,'en:spring-rolls',[nan]
1081,'en:sprouted-mung-beans',['LEGUMBRES']
1082,'en:sprouts',[nan]
1083,'en:squeezed-apple-juices',['FRUTAS']
1084,'en:squeezed-juices',[nan]
1085,'en:squeezed-orange-juices',['FRUTAS']
1086,'en:starches',[nan]
1087,'en:stevia-and-their-products',[nan]
1088,'en:stevia-leaves',[nan]
1089,'en:strawberries',['FRUTAS']
1090,'en:strawberry-ice-cream-tubs',['LACTEOS']
1091,'en:strawberry-jams',['LIPIDOS']
1092,'en:strawberry-milks',['LACTEOS']
1093,'en:strawberry-syrups',['LIPIDOS']
1094,'en:strawberry-yogurts',['LACTEOS']
1095,'en:stretched-curd-cheeses',['LACTEOS']
1096,'en:stuffed-olives',['HORTALIZAS']
1097,'en:stuffed-pastas',['CEREALES']
1098,'en:stuffed-wafers',[nan]
1099,'en:sugar-coated-almonds',['LEGUMBRES' 'LIPIDOS']
1100,'en:sugar-coated-pinenuts',['LEGUMBRES' 'LIPIDOS']
1101,'en:sugar-free-chewing-gum',['LIPIDOS']
1102,'en:sugar-substitutes',['LIPIDOS']
1103,'en:sugared-popcorn',['CEREALES' 'LIPIDOS' 'LEGUMBRES']
1104,'en:sugars',['LIPIDOS']
1105,'en:sultana-raisins',[nan]
1106,'en:sunflower-oil-mayonnaises',['LIPIDOS' 'LEGUMBRES']
1107,'en:sunflower-oils',['LIPIDOS' 'LEGUMBRES']
1108,'en:sunflower-seeds',['LEGUMBRES']
1109,'en:sunflower-seeds-and-their-products',['LEGUMBRES']
1110,'en:sushi-rice',['CEREALES']
1111,'en:sweet-and-sour-sauces',['LIPIDOS']
1112,'en:sweet-corn',['CEREALES' 'LIPIDOS']
1113,'en:sweet-cream-butters',['LACTEOS' 'LIPIDOS']
1114,'en:sweet-mustards',['LIPIDOS']
1115,'en:sweet-peppers',['LEGUMBRES' 'LIPIDOS']
1116,'en:sweet-potato-crisps',['LIPIDOS' 'CEREALES']
1117,'en:sweet-potatoes',['LIPIDOS']
1118,'en:sweet-snacks',['LIPIDOS']
1119,'en:sweet-spreads',['LIPIDOS']
1120,'en:sweetened-beverages',['LIPIDOS' 'BEBIDAS']
1121,'en:sweetened-natural-soy-milks',['LACTEOS' 'LIPIDOS']
1122,'en:sweetened-yogurts',['LACTEOS' 'LIPIDOS']
1123,'en:sweeteners',['LIPIDOS']
1124,'en:syrups',['LIPIDOS']
1125,'en:tabbouleh',[nan]
1126,'en:table-salts',[nan]
1127,'en:tabletop-sweeteners',['LIPIDOS']
1128,'en:tagliatelle',[nan]
1129,'en:tangerine-juices',[nan]
1130,'en:tea-bags',['BEBIDAS']
1131,'en:tea-based-beverages',['BEBIDAS']
1132,'en:teas',['BEBIDAS']
1133,'en:teriyaki-sauces',[nan]
1134,'en:textured-vegetable-protein',['HORTALIZAS']
1135,'en:thickeners',[nan]
1136,'en:thyme',[nan]
1137,'en:thyme-tea-bags',['BEBIDAS']
1138,'en:tigernut-milks',['LACTEOS']
1139,'en:tinned-mackerels',[nan]
1140,'en:tiramisu',[nan]
1141,'en:toasted-bread-rolls',[nan]
1142,'en:toasted-egg-yolk-turron',['LIPIDOS' 'CARNE']
1143,'en:toasted-sesame',[nan]
1144,'en:toasts',[nan]
1145,'en:tofu',[nan]
1146,'en:tomato-jams',['HORTALIZAS' 'LIPIDOS']
1147,'en:tomato-juices',['HORTALIZAS']
1148,'en:tomato-pastes',['HORTALIZAS']
1149,'en:tomato-purees',['HORTALIZAS']
1150,'en:tomato-sauces',['HORTALIZAS']
1151,'en:tomatoes',['HORTALIZAS']
1152,'en:tomatoes-and-their-products',['HORTALIZAS']
1153,'en:tonic-water',[nan]
1154,'en:torrefacto-coffees',['BEBIDAS']
1155,'en:tripe-dishes',[nan]
1156,'en:tropical-fruits',['FRUTAS']
1157,'en:tropical-fruits-soy-yogurts',['LACTEOS' 'FRUTAS']
1158,'en:tuna-fillets',['CARNE']
1159,'en:tuna-in-brine',[nan]
1160,'en:tuna-in-olive-oil',['LIPIDOS']
1161,'en:tunas',['PESCADO']
1162,'en:tunas-in-oil',['PESCADO' 'LIPIDOS']
1163,'en:tunas-in-sunflower-oil',['PESCADO' 'LIPIDOS' 'LEGUMBRES']
1164,'en:turkey-sausages',['CARNE']
1165,'en:turkeys',[nan]
1166,'en:turmeric',[nan]
1167,'en:turmeric-powder',[nan]
1168,'en:turron',['LIPIDOS']
1169,'en:uht-creams',['LACTEOS']
1170,'en:uht-milks',['LACTEOS']
1171,'en:unshelled-peanuts',['LEGUMBRES']
1172,'en:unshelled-pumpkin-seeds',['LEGUMBRES' 'HORTALIZAS']
1173,'en:unshelled-sunflower-seeds',['LEGUMBRES']
1174,'en:unsweetened-beverages',['LIPIDOS' 'BEBIDAS']
1175,'en:unsweetened-natural-soy-milks',['LACTEOS' 'LIPIDOS']
1176,'en:valerian',[nan]
1177,'en:vanilla',['LACTEOS']
1178,'en:vanilla-ice-cream-bars',['LACTEOS']
1179,'en:vanilla-ice-cream-tubs',['LACTEOS']
1180,'en:vanilla-milks',['LACTEOS']
1181,'en:vanilla-pods',['LACTEOS']
1182,'en:vanilla-soy-desserts',['LACTEOS']
1183,'en:vanilla-soy-milks',['LACTEOS']
1184,'en:vanilla-sugars',['LACTEOS' 'LIPIDOS']
1185,'en:vanilla-yogurt',['LACTEOS']
1186,'en:vegetable-based-beverages',['HORTALIZAS' 'BEBIDAS']
1187,'en:vegetable-based-foods-and-beverages',['HORTALIZAS' 'BEBIDAS']
1188,'en:vegetable-bouillon-cubes',['HORTALIZAS']
1189,'en:vegetable-broths',['HORTALIZAS']
1190,'en:vegetable-fats',['HORTALIZAS']
1191,'en:vegetable-juices',['HORTALIZAS']
1192,'en:vegetable-lasagne',['HORTALIZAS']
1193,'en:vegetable-oils',['HORTALIZAS' 'LIPIDOS']
1194,'en:vegetable-pickles',['HORTALIZAS']
1195,'en:vegetable-rods',['HORTALIZAS']
1196,'en:vegetable-soups',['HORTALIZAS']
1197,'en:vegetables-based-foods',['HORTALIZAS']
1198,'en:vegetarian-lasagne',[nan]
1199,'en:vegetarian-olive-pates',['CEREALES']
1200,'en:vegetarian-sausages',['CARNE']
1201,'en:veggie-patties',['CARNE']
1202,'en:viennoiseries',[nan]
1203,'en:vinaigrettes',[nan]
1204,'en:vinegars',[nan]
1205,'en:virgin-olive-oils',['LIPIDOS']
1206,'en:wafers',[nan]
1207,'en:walnuts',['LEGUMBRES']
1208,'en:wavy-potato-crisps',['CEREALES']
1209,'en:wheat-brans',['CEREALES']
1210,'en:wheat-bread-flour',['CEREALES']
1211,'en:wheat-breads',['CEREALES']
1212,'en:wheat-flakes',['CEREALES']
1213,'en:wheat-flatbreads',['CEREALES']
1214,'en:wheat-flours',['CEREALES']
1215,'en:wheat-milks',['LACTEOS' 'CEREALES']
1216,'en:wheat-pasta',['CEREALES']
1217,'en:wheat-semolinas',['CEREALES']
1218,'en:white-asparagus',['HORTALIZAS']
1219,'en:white-beans',['LEGUMBRES']
1220,'en:white-breads',['CEREALES']
1221,'en:white-chocolate-biscuits',['CEREALES' 'LIPIDOS']
1222,'en:white-chocolates',['LIPIDOS']
1223,'en:white-chocolates-with-hazelnuts',['LEGUMBRES' 'LIPIDOS']
1224,'en:white-hams',['CARNE']
1225,'en:white-meat-rillettes',['CARNE']
1226,'en:white-peppers',['LEGUMBRES']
1227,'en:white-rices',['CEREALES']
1228,'en:white-wine-vinegars',['ALCOHOL']
1229,'en:whole-black-olives',['HORTALIZAS']
1230,'en:whole-cayenne',[nan]
1231,'en:whole-champignon-mushrooms',['HORTALIZAS' 'CARNE']
1232,'en:whole-cloves',[nan]
1233,'en:whole-durum-wheat-pasta',['CARNE' 'CEREALES']
1234,'en:whole-milks',['LACTEOS']
1235,'en:whole-olives',['HORTALIZAS']
1236,'en:whole-or-semi-whole-durum-wheat-pasta',['CARNE' 'CEREALES']
1237,'en:whole-or-semi-whole-durum-wheat-spaghetti',['CARNE' 'CEREALES']
1238,'en:whole-wheat-spaghetti',['CEREALES']
1239,'en:wholemeal-breads',['CEREALES']
1240,'en:wholemeal-english-bread',[nan]
1241,'en:wholemeal-sliced-breads',['CEREALES']
1242,'en:wild-rice',['CEREALES']
1243,'en:wine-vinegars',['ALCOHOL']
1244,'en:xeres-vinegars',[nan]
1245,'en:yeast',[nan]
1246,'en:yogurts',['LACTEOS']
1247,'en:yogurts-with-cereals',['LACTEOS' 'CEREALES']
1248,'en:zucchini',[nan]
1249,'en:zwieback',[nan]
1250,'es:Bonito del Norte en aceite de oliva',['LIPIDOS' 'PESCADO']
1251,'es:Cereales-desayuno',['CEREALES']
1252,'es:almendras-garrapinadas',[nan]
1253,'es:alubias-con-verduras',[nan]
1254,'es:atun-claro',[nan]
1255,'es:atun-claro-en-aceite-de-oliva',['LIPIDOS']
1256,'es:fideos-de-trigo-duro',[nan]
1257,'es:fideos-de-trigo-duro-integrales-o-semi-integrales',[nan]
1258,'es:fideua-de-trigo-duro',[nan]
1259,'es:galletas-con-tableta-de-chocolate',['LIPIDOS']
1260,'es:galletas-con-tableta-de-chocolate-con-leche',['LIPIDOS']
1261,'es:galletas-con-tableta-de-chocolate-negro',['LIPIDOS']
1262,'es:galletas-maria',[nan]
1263,'es:granizados-de-cafe',[nan]
1264,'es:granizados-de-horchata-de-chufa',[nan]
1265,'es:granizados-de-limon',[nan]
1266,'es:granizados-de-turron',['LIPIDOS']
1267,'es:infusiones-relajantes',[nan]
1268,'es:mezclas-de-verduras-y-hortalizas-para-sopa',[nan]
1269,'es:pastas-de-trigo-duro-integrales-o-semi-integrales',['CEREALES']
1270,'es:picos-de-pan',[nan]
1271,'es:polos-de-leche-de-soja-con-chocolate',['LIPIDOS']
1272,'es:reganas',[nan]
1273,'es:salteados-de-vegetales-asados-congelados',['BEBIDAS']
1274,'es:salteados-de-vegetales-congelados',['BEBIDAS']
1275,'es:sobao-pasiego',[nan]
1276,'es:torta-sevillana',[nan]
1277,'fr:barres-chocolatees-au-lait',['LIPIDOS']
1278,'fr:biscuits-tablette-fourree',['CEREALES']
1279,'fr:boudins',[nan]
1280,'fr:capsicum-frutescens',[nan]
1281,'fr:cereales-preparees',['CEREALES']
1282,'fr:charcuteries-cuites',[nan]
1283,'fr:charcuteries-diverses',[nan]
1284,'fr:chips-de-pommes-de-terre-classiques',[nan]
1285,'fr:chips-de-pommes-de-terre-lisses',[nan]
1286,'fr:cremes-legeres',[nan]
1287,'fr:cremes-liquides',[nan]
1288,'fr:desserts-lactes-aux-oeufs',[nan]
1289,'fr:fouets-catalans',[nan]
1290,'fr:fromages-blancs',[nan]
1291,'fr:miels-cremeux',[nan]
1292,'fr:pates-a-tartiner',['CEREALES']
1293,'fr:poulets-panes',[nan]
1294,'fr:riz-prepares',[nan]
1295,'fr:spaghettis-de-ble-dur-complet',[nan]
